Chain Name,Hash,Status,Action,Token,Value,From,From Info,To,To Info
Ethereum,0x0x2d9b4b42d96c18f1ec410385f46a786d45e18a74e827e2a5b7e3aafa23df6e63,Success,0x60806040,eth,,0x123694886dbf5ac94dda07135349534536d14caf,tBTC: Deployer 1,0x4a6e0d0189c1d09eb4c63a53693d2be26cafd18d,Contract
Ethereum,0x0x6640028700da2c41297ef50b615208f6d54685f400276fb99c2522edb992682e,Success,Deploy Safe,eth,,0x123694886dbf5ac94dda07135349534536d14caf,tBTC: Deployer 1,0x7e80bd5a2e8fca0b160254d43ac9f43ac2cc1052,Contract
Ethereum,0x0x3c231d49153ce7ba1e0154c0dc20e0532e5f66e8428c80434a152c85250b1d96,Success,Called,eth,,0x123694886dbf5ac94dda07135349534536d14caf,tBTC: Deployer 1,0x33a4d2e7f071376f6da42a5cd7deb98ff1500106,Contract
Ethereum,0x0x2e7485f6b9663b5b166a8b5277fbb3bfc2f5b1f7be4233b7ab047ab5f339d53a,Success,Deploy Safe,eth,,0x123694886dbf5ac94dda07135349534536d14caf,tBTC: Deployer 1,0x7e80bd5a2e8fca0b160254d43ac9f43ac2cc1052,Contract
Ethereum,0x0xa2858c2fc415365c3774d56d5b1def3096ac784e44e7809617dbf3161272e974,Success,0x60806040,eth,,0x123694886dbf5ac94dda07135349534536d14caf,tBTC: Deployer 1,0x92f2d8b72a7f6a551be60b9aa4194248e9b4913d,Contract
Ethereum,0x0x2ae30e59643e70aa074bdef089b2cd76dc2a4bf5ee5fa671c8fca9d5f37e022f,Success,0x60a06040,eth,,0x123694886dbf5ac94dda07135349534536d14caf,tBTC: Deployer 1,0xb33d938616c328eda0370cdbdb4b02dd78e2cb19,Acre: Multi Asset Vault
Ethereum,0x0xf5313f8dc59464de8ab341a07893ffeed9bfca2a4456c4bb0f0a35614dc17fe3,Success,0x60806040,eth,,0x123694886dbf5ac94dda07135349534536d14caf,tBTC: Deployer 1,0xa0e1f0290c5ab6aa80e1881431b2fe35d8852fb7,Contract
Ethereum,0x0x8db03dd3d3484e876ccccdf65884f152fde2dcea449e9d07765ad9827c63ee34,Success,Transfer Ownership,eth,,0x123694886dbf5ac94dda07135349534536d14caf,tBTC: Deployer 1,0x989ce5ed1ab7d0cb85450599d165e17bd86d93ca,Contract
Ethereum,0x0x5a1306ea5907ff157dc91a7a73dc90cd4be308766cc2cc1c09ba843097894357,Success,0x60806040,eth,,0x123694886dbf5ac94dda07135349534536d14caf,tBTC: Deployer 1,0x82f08041f1bc1aa399320743f33f75cca482b25a,Mezo: Timelock
Ethereum,0x0x9f4bd23ab0bd76ae3634a56fda77a38fbbdcee7402db6a12335053df3e4a2631,Success,0x60806040,eth,,0x123694886dbf5ac94dda07135349534536d14caf,tBTC: Deployer 1,0x2dfdeb833c199ba5d166c90a3b25b0e72288076b,Mezo: Portal Deposit
